GeneSymbol,PriorityScore,Interactome,SrcPred,SrcKnown,pYXXP,FynKnown,Enriched,CrkIntAct,AblPred,AblKnown,Rank
DOK1,11.5,yes,no,no,yes,no,yes,yes,yes,yes,1
CRKL,11,yes,no,no,yes,no,yes,yes,no,yes,2
DOK2,10.5,yes,no,no,yes,no,yes,yes,yes,no,3
PXN,10.5,yes,no,yes,yes,yes,no,yes,yes,yes,4
CBL,10,yes,no,yes,yes,yes,no,yes,no,yes,5
LASP1,9.5,no,no,yes,yes,no,yes,yes,yes,yes,6
SHB,9,yes,no,no,yes,no,yes,no,no,no,7
CRK,8.5,yes,no,no,yes,no,no,yes,yes,yes,8
GAB1,8.5,yes,no,yes,yes,no,no,yes,yes,no,9
BCAR1,8.5,no,no,yes,yes,no,yes,yes,yes,no,10
PTK2,8,yes,no,yes,yes,no,no,yes,no,no,11
STAT5A,8,yes,no,yes,yes,no,no,yes,no,no,12
ABL1,8,yes,no,no,yes,yes,no,yes,no,no,13
ABL2,8,yes,no,no,yes,no,no,yes,no,yes,14
PSMC1,7.5,yes,no,no,yes,no,no,yes,yes,no,15
CRMP1,7.5,yes,no,no,yes,yes,no,no,yes,no,16
PSMC6,7.5,yes,no,no,yes,no,no,yes,yes,no,17
DAB1,7.5,yes,no,yes,no,yes,no,yes,yes,yes,18
EFS,7.5,no,no,no,yes,no,yes,yes,yes,no,19
NEDD9,7.5,no,no,no,yes,no,yes,yes,yes,no,20
DCBLD2,7.5,no,no,no,yes,no,yes,yes,yes,no,21
CASS4,7.5,no,no,no,yes,no,yes,yes,yes,no,22
GRB2,7,yes,no,no,yes,no,no,yes,no,no,23
CTNNB1,7,yes,no,no,yes,no,no,no,no,yes,24
KIT,7,yes,no,no,yes,no,no,yes,no,no,25
ERBB3,7,yes,no,no,yes,no,no,yes,no,no,26
LYN,7,yes,no,no,yes,no,no,yes,no,no,27
PDGFRA,7,yes,no,no,yes,no,no,yes,no,no,28
HCK,7,yes,no,no,yes,no,no,yes,no,no,29
KDR,7,yes,no,no,yes,no,no,yes,no,no,30
PLK1,7,yes,no,no,yes,no,no,no,no,yes,31
STAT5B,7,yes,no,yes,yes,no,no,no,no,no,32
PLCG1,7,yes,no,yes,yes,no,no,no,no,no,33
ARHGAP35,7,yes,no,yes,yes,no,no,no,no,no,34
EFNB1,7,yes,no,yes,yes,no,no,no,no,no,35
PLEC,7,yes,no,no,yes,no,no,yes,no,no,36
INPPL1,7,yes,no,no,yes,no,no,yes,no,no,37
TUBA1C,7,yes,no,no,yes,no,no,yes,no,no,38
EMD,7,no,no,yes,yes,no,yes,no,no,no,39
WBP2,7,no,no,yes,yes,no,yes,no,no,no,40
TJP1,6.5,yes,no,no,yes,no,no,no,yes,no,41
DPYSL2,6.5,yes,no,no,yes,no,no,no,yes,no,42
FERMT2,6.5,yes,no,no,yes,no,no,no,yes,no,43
ABLIM1,6.5,yes,no,no,yes,no,no,no,yes,no,44
TJP2,6.5,yes,no,no,yes,no,no,no,yes,no,45
EFNA2,6.5,yes,no,no,no,no,yes,no,yes,no,46
HNRNPL,6.5,no,no,no,yes,no,yes,no,yes,no,47
TUBA3E,6,yes,no,no,yes,no,no,no,no,no,48
TUBA4A,6,yes,no,no,yes,no,no,no,no,no,49
ACTG1,6,yes,no,no,yes,no,no,no,no,no,50
VCL,6,yes,no,no,yes,no,no,no,no,no,51
ITGB1,6,yes,no,no,yes,no,no,no,no,no,52
KIRREL,6,yes,no,no,yes,no,no,no,no,no,53
MAPK3,6,yes,no,no,yes,no,no,no,no,no,54
EPHA7,6,yes,no,no,yes,no,no,no,no,no,55
JUP,6,yes,no,no,yes,no,no,no,no,no,56
EPHA4,6,yes,no,no,yes,no,no,no,no,no,57
GSK3B,6,yes,no,no,yes,no,no,no,no,no,58
EPHB4,6,yes,no,no,yes,no,no,no,no,no,59
EFNB2,6,yes,no,no,yes,no,no,no,no,no,60
EPHA2,6,yes,no,no,yes,no,no,no,no,no,61
GRB10,6,yes,no,no,yes,no,no,no,no,no,62
EPHB3,6,yes,no,no,yes,no,no,no,no,no,63
MAPT,6,yes,no,no,yes,no,no,no,no,no,64
EPHA3,6,yes,no,no,yes,no,no,no,no,no,65
EPHB1,6,yes,no,no,yes,no,no,no,no,no,66
ACIN1,6,yes,no,no,yes,no,no,no,no,no,67
F11R,6,yes,no,no,yes,no,no,no,no,no,68
CTNND1,6,yes,no,no,yes,no,no,no,no,no,69
EPHB2,6,yes,no,no,yes,no,no,no,no,no,70
TUBA1A,6,yes,no,no,yes,no,no,no,no,no,71
TUBA8,6,yes,no,no,yes,no,no,no,no,no,72
TUBA1B,6,yes,no,no,yes,no,no,no,no,no,73
GAB2,6,yes,no,no,yes,no,no,no,no,no,74
VASP,6,yes,no,no,yes,no,no,no,no,no,75
STIP1,6,yes,no,no,yes,no,no,no,no,no,76
TUBA3C,6,yes,no,no,yes,no,no,no,no,no,77
ACTB,6,yes,no,no,yes,no,no,no,no,no,78
PSMA2,6,yes,no,no,yes,no,no,no,no,no,79
AKAP9,6,yes,no,no,yes,no,no,no,no,no,80
FKBP4,6,yes,no,no,yes,no,no,no,no,no,81
CLDN3,6,yes,no,no,yes,no,no,no,no,no,82
CD2AP,6,yes,no,no,yes,no,no,no,no,no,83
PKP1,6,yes,no,no,yes,no,no,no,no,no,84
SYK,6,yes,no,no,yes,no,no,no,no,no,85
SPTAN1,6,yes,no,no,no,no,yes,no,no,no,86
PSMB4,6,yes,no,no,no,no,yes,no,no,no,87
PSMB7,6,yes,no,no,no,no,yes,no,no,no,88
CAPZB,6,yes,no,no,no,no,yes,no,no,no,89
BLNK,6,yes,no,no,no,no,yes,no,no,no,90
EGFR,6,yes,no,yes,no,no,no,yes,no,yes,91
RBMX,6,no,no,no,yes,no,yes,no,no,no,92
GAGE1,6,no,no,no,yes,no,yes,no,no,no,93
TMEM192,6,no,no,no,yes,no,yes,no,no,no,94
KIAA1143,6,no,no,no,yes,no,yes,no,no,no,95
ATP5I,6,no,no,no,yes,no,yes,no,no,no,96
GAGE4,6,no,no,no,yes,no,yes,no,no,no,97
GAGE6,6,no,no,no,yes,no,yes,no,no,no,98
RBMXL1,6,no,no,no,yes,no,yes,no,no,no,99
APP,6,no,no,yes,yes,yes,no,no,no,yes,100
CAV1,6,no,no,yes,yes,yes,no,no,no,yes,101
PLSCR1,6,no,no,yes,no,no,yes,yes,no,yes,102
NCKIPSD,5.5,no,no,yes,yes,no,no,yes,yes,no,103
NUMA1,5,no,no,no,yes,no,no,yes,no,yes,104
PLCG2,5,no,no,yes,yes,yes,no,no,no,no,105
ZAP70,5,no,no,no,yes,no,no,yes,no,yes,106
SRCIN1,5,no,no,no,yes,no,no,yes,no,yes,107
CD5,5,no,no,no,yes,yes,no,yes,no,no,108
CTLA4,5,no,no,no,no,yes,yes,yes,no,no,109
SHC3,4.5,yes,no,yes,no,no,no,no,yes,no,110
RB1,4.5,no,no,no,yes,no,no,no,yes,yes,111
CEP170,4.5,no,no,no,yes,no,no,yes,yes,no,112
SH2D2A,4.5,no,no,no,yes,no,no,yes,yes,no,113
RIN1,4.5,no,no,no,yes,no,no,no,yes,yes,114
NR5A1,4.5,no,no,no,no,no,yes,yes,yes,no,115
TBX21,4.5,no,no,no,no,no,yes,no,yes,yes,116
SRRT,4.5,no,no,yes,no,no,yes,no,yes,no,117
LGALS3,4.5,no,no,no,no,no,yes,no,yes,yes,118
SRC,4,yes,no,no,no,no,no,yes,no,no,119
FYN,4,yes,no,no,no,no,no,yes,no,no,120
PIK3CA,4,yes,no,no,no,no,no,yes,no,no,121
SOS1,4,yes,no,no,no,no,no,yes,no,no,122
PRKACA,4,yes,no,no,no,no,no,yes,no,no,123
ERBB4,4,yes,no,no,no,no,no,yes,no,no,124
NCK2,4,yes,no,no,no,no,no,yes,no,no,125
IRS1,4,yes,no,no,no,no,no,yes,no,no,126
FGFR1,4,yes,no,no,no,no,no,yes,no,no,127
ERBB2,4,yes,no,no,no,no,no,yes,no,no,128
PDGFRB,4,yes,no,no,no,no,no,yes,no,no,129
PIK3R3,4,yes,no,no,no,no,no,yes,no,no,130
NCK1,4,yes,no,no,no,no,no,yes,no,no,131
MET,4,yes,no,no,no,no,no,yes,no,no,132
DNM2,4,yes,no,no,no,no,no,yes,no,no,133
MAPK1,4,yes,no,no,no,no,no,yes,no,no,134
NCAM1,4,yes,no,no,no,no,no,yes,no,no,135
YWHAB,4,yes,no,no,no,no,no,yes,no,no,136
DLG4,4,yes,no,no,no,no,no,no,no,yes,137
HRAS,4,yes,no,no,no,no,no,no,no,yes,138
MAPK8,4,yes,no,no,no,no,no,yes,no,no,139
NFASC,4,yes,no,no,no,no,no,yes,no,no,140
TP53,4,yes,no,no,no,no,no,yes,no,no,141
SEMA4D,4,yes,no,no,no,no,no,yes,no,no,142
CDH11,4,yes,no,no,no,no,no,yes,no,no,143
GRIN2D,4,yes,no,no,no,no,no,yes,no,no,144
RAF1,4,yes,no,no,no,no,no,yes,no,no,145
ARHGEF11,4,yes,no,no,no,no,no,yes,no,no,146
CNTNAP1,4,yes,no,no,no,no,no,yes,no,no,147
RAPGEF1,4,yes,no,no,no,no,no,yes,no,no,148
AP2A1,4,yes,no,no,no,no,no,yes,no,no,149
FLNC,4,yes,no,no,no,no,no,yes,no,no,150
AR,4,yes,no,no,no,no,no,yes,no,no,151
FLNA,4,yes,no,no,no,no,no,yes,no,no,152
TRIO,4,yes,no,no,no,yes,no,no,no,no,153
PIK3CB,4,yes,no,no,no,no,no,yes,no,no,154
WASL,4,yes,no,no,no,no,no,yes,no,no,155
CSF2RB,4,yes,no,yes,no,no,no,no,no,no,156
NPHS1,4,yes,no,no,no,yes,no,no,no,no,157
SOS2,4,yes,no,no,no,no,no,yes,no,no,158
VAV1,4,yes,no,no,no,no,no,yes,no,no,159
DOCK1,4,yes,no,no,no,no,no,yes,no,no,160
FLT1,4,no,no,no,yes,no,no,yes,no,no,161
PLEKHA1,4,no,no,no,yes,no,no,yes,no,no,162
TNK2,4,no,no,no,yes,no,no,yes,no,no,163
HNRNPR,4,no,no,no,yes,no,no,yes,no,no,164
CBLB,4,no,no,no,yes,no,no,yes,no,no,165
ARHGAP5,4,no,no,yes,yes,no,no,no,no,no,166
ADD2,4,no,no,no,yes,yes,no,no,no,no,167
FLT4,4,no,no,yes,yes,no,no,no,no,no,168
DCP2,4,no,no,no,yes,no,no,yes,no,no,169
AKAP2,4,no,no,no,yes,no,no,yes,no,no,170
FLNB,4,no,no,no,yes,no,no,yes,no,no,171
RACK1,4,no,no,no,yes,no,no,no,no,yes,172
ARHGDIB,4,no,no,yes,yes,no,no,no,no,no,173
TRIP6,4,no,no,yes,yes,no,no,no,no,no,174
HSPD1,4,no,no,no,yes,no,no,yes,no,no,175
PPP1R12A,4,no,no,no,yes,no,no,yes,no,no,176
PEAK1,4,no,no,no,yes,no,no,yes,no,no,177
CEP89,4,no,no,no,yes,no,no,yes,no,no,178
CNN1,4,no,no,no,yes,yes,no,no,no,no,179
ARAP3,4,no,no,yes,yes,no,no,no,no,no,180
CHAC2,4,no,no,no,no,no,yes,yes,no,no,181
NF1,3.5,yes,no,no,no,no,no,no,yes,no,182
DBNL,3.5,yes,yes,no,no,no,no,no,no,no,183
CDH8,3.5,yes,no,no,no,no,no,no,yes,no,184
SEMA6D,3.5,yes,no,no,no,no,no,no,yes,no,185
NRCAM,3.5,yes,no,no,no,no,no,no,yes,no,186
DSCAM,3.5,yes,no,no,no,no,no,no,yes,no,187
APBB1IP,3.5,yes,no,no,no,no,no,no,yes,no,188
CLTC,3.5,yes,no,no,no,no,no,no,yes,no,189
RPS6KA4,3.5,yes,no,no,no,no,no,no,yes,no,190
DCTN1,3.5,yes,no,no,no,no,no,no,yes,no,191
DNAJA4,3.5,yes,no,no,no,no,no,no,yes,no,192
COL4A2,3.5,yes,no,no,no,no,no,no,yes,no,193
NR3C2,3.5,yes,no,no,no,no,no,no,yes,no,194
PSMB6,3.5,yes,no,no,no,no,no,no,yes,no,195
KBTBD7,3.5,yes,no,no,no,no,no,no,yes,no,196
RASA2,3.5,yes,no,no,no,no,no,no,yes,no,197
IL5,3.5,yes,no,no,no,no,no,no,yes,no,198
CNKSR2,3.5,yes,no,no,no,no,no,no,yes,no,199
SKAP2,3.5,yes,yes,no,no,no,no,no,no,no,200
PTK2B,3.5,yes,yes,no,no,no,no,no,no,no,201
ITGA1,3.5,yes,no,no,no,no,no,no,yes,no,202
COL4A4,3.5,yes,no,no,no,no,no,no,yes,no,203
MAGI2,3.5,yes,no,no,no,no,no,no,yes,no,204
ARPC3,3.5,yes,no,no,no,no,no,no,yes,no,205
FASN,3.5,no,no,no,yes,no,no,no,yes,no,206
PTPN23,3.5,no,no,no,yes,no,no,no,yes,no,207
SIN3A,3.5,no,no,no,yes,no,no,no,yes,no,208
DDR1,3.5,no,no,no,yes,no,no,no,yes,no,209
CPSF6,3.5,no,no,no,yes,no,no,no,yes,no,210
CTNND2,3.5,no,no,no,yes,no,no,no,yes,no,211
PALMD,3.5,no,no,no,yes,no,no,no,yes,no,212
TTN,3.5,no,no,no,yes,no,no,no,yes,no,213
ERBIN,3.5,no,no,no,yes,no,no,no,yes,no,214
CCDC120,3.5,no,no,no,yes,no,no,no,yes,no,215
MAP1A,3.5,no,no,no,yes,no,no,no,yes,no,216
TAB3,3.5,no,no,no,yes,no,no,no,yes,no,217
TOM1L2,3.5,no,no,no,yes,no,no,no,yes,no,218
SEC16A,3.5,no,no,no,yes,no,no,no,yes,no,219
PKP4,3.5,no,no,no,yes,no,no,no,yes,no,220
ANTXR1,3.5,no,no,no,yes,no,no,no,yes,no,221
TRIM58,3.5,no,no,no,yes,no,no,no,yes,no,222
PLEKHA6,3.5,no,no,no,yes,no,no,no,yes,no,223
FCHSD2,3.5,no,no,no,yes,no,no,no,yes,no,224
ACAP2,3.5,no,no,no,yes,no,no,no,yes,no,225
HOXD3,3.5,no,no,no,no,no,yes,no,yes,no,226
SHISA4,3.5,no,no,no,no,no,yes,no,yes,no,227
EGR1,3.5,no,no,no,no,no,yes,no,yes,no,228
SYNGR1,3.5,no,no,no,no,no,yes,no,yes,no,229
HOXD4,3.5,no,no,no,no,no,yes,no,yes,no,230
GRINA,3.5,no,no,no,no,no,yes,no,yes,no,231
SHD,3.5,no,no,no,no,no,yes,no,yes,no,232
PLEKHB2,3.5,no,no,no,no,no,yes,no,yes,no,233
KRTAP12-1,3.5,no,no,no,no,no,yes,no,yes,no,234
ODF3B,3.5,no,no,no,no,no,yes,no,yes,no,235
DCBLD1,3.5,no,no,no,no,no,yes,no,yes,no,236
DAZL,3.5,no,no,no,no,no,yes,no,yes,no,237
FAM168B,3.5,no,no,no,no,no,yes,no,yes,no,238
MAPK1IP1L,3.5,no,no,no,no,no,yes,no,yes,no,239
EWSR1,3.5,no,no,no,no,no,yes,no,yes,no,240
PEF1,3.5,no,no,no,no,no,yes,no,yes,no,241
C4orf33,3.5,no,no,no,no,no,yes,no,yes,no,242
STATH,3.5,no,no,no,no,no,yes,no,yes,no,243
SPATA2L,3.5,no,no,no,no,no,yes,no,yes,no,244
ODF3,3.5,no,no,no,no,no,yes,no,yes,no,245
ODF3L1,3.5,no,no,no,no,no,yes,no,yes,no,246
XG,3.5,no,no,no,no,no,yes,no,yes,no,247
PSMC3,3,yes,no,no,no,no,no,no,no,no,248
CDH1,3,yes,no,no,no,no,no,no,no,no,249
PSMA6,3,yes,no,no,no,no,no,no,no,no,250
PSMB1,3,yes,no,no,no,no,no,no,no,no,251
PSMD12,3,yes,no,no,no,no,no,no,no,no,252
PSMD11,3,yes,no,no,no,no,no,no,no,no,253
RASGRF1,3,yes,no,no,no,no,no,no,no,no,254
FGF1,3,yes,no,no,no,no,no,no,no,no,255
IL17RD,3,yes,no,no,no,no,no,no,no,no,256
BRAF,3,yes,no,no,no,no,no,no,no,no,257
TEK,3,yes,no,no,no,no,no,no,no,no,258
HGF,3,yes,no,no,no,no,no,no,no,no,259
NEFL,3,yes,no,no,no,no,no,no,no,no,260
YES1,3,yes,no,no,no,no,no,no,no,no,261
PIK3CD,3,yes,no,no,no,no,no,no,no,no,262
PPP2R1B,3,yes,no,no,no,no,no,no,no,no,263
DUSP5,3,yes,no,no,no,no,no,no,no,no,264
FN1,3,yes,no,no,no,no,no,no,no,no,265
KRAS,3,yes,no,no,no,no,no,no,no,no,266
CAMK2D,3,yes,no,no,no,no,no,no,no,no,267
CAMK2B,3,yes,no,no,no,no,no,no,no,no,268
CAMK2A,3,yes,no,no,no,no,no,no,no,no,269
PDGFA,3,yes,no,no,no,no,no,no,no,no,270
FGF18,3,yes,no,no,no,no,no,no,no,no,271
PRKCQ,3,yes,no,no,no,no,no,no,no,no,272
CAMK2G,3,yes,no,no,no,no,no,no,no,no,273
SPRED2,3,yes,no,no,no,no,no,no,no,no,274
IL2RG,3,yes,no,no,no,no,no,no,no,no,275
GRIN2A,3,yes,no,no,no,no,no,no,no,no,276
GRIN1,3,yes,no,no,no,no,no,no,no,no,277
GRIN2C,3,yes,no,no,no,no,no,no,no,no,278
GRIN2B,3,yes,no,no,no,no,no,no,no,no,279
ARAF,3,yes,no,no,no,no,no,no,no,no,280
FGFR2,3,yes,no,no,no,no,no,no,no,no,281
DUSP16,3,yes,no,no,no,no,no,no,no,no,282
SPTBN4,3,yes,no,no,no,no,no,no,no,no,283
ARRB1,3,yes,no,no,no,no,no,no,no,no,284
MAP2K2,3,yes,no,no,no,no,no,no,no,no,285
MAP2K1,3,yes,no,no,no,no,no,no,no,no,286
RASA3,3,yes,no,no,no,no,no,no,no,no,287
FGF6,3,yes,no,no,no,no,no,no,no,no,288
NRAS,3,yes,no,no,no,no,no,no,no,no,289
CLTB,3,yes,no,no,no,no,no,no,no,no,290
LIMS1,3,yes,no,no,no,no,no,no,no,no,291
DPYSL3,3,yes,no,no,no,no,no,no,no,no,292
CNTN1,3,yes,no,no,no,no,no,no,no,no,293
UNC5C,3,yes,no,no,no,no,no,no,no,no,294
SEMA4A,3,yes,no,no,no,no,no,no,no,no,295
CDK1,3,yes,no,no,no,no,no,no,no,no,296
UNC5B,3,yes,no,no,no,no,no,no,no,no,297
KIRREL3,3,yes,no,no,no,no,no,no,no,no,298
PARD3,3,yes,no,no,no,no,no,no,no,no,299
EFNB3,3,yes,no,no,no,no,no,no,no,no,300
NTN1,3,yes,no,no,no,no,no,no,no,no,301
SLIT2,3,yes,no,no,no,no,no,no,no,no,302
CASK,3,yes,no,no,no,no,no,no,no,no,303
PRKCD,3,yes,no,no,no,no,no,no,no,no,304
KIF4A,3,yes,no,no,no,no,no,no,no,no,305
ABLIM3,3,yes,no,no,no,no,no,no,no,no,306
PLXNA3,3,yes,no,no,no,no,no,no,no,no,307
RELN,3,yes,no,no,no,no,no,no,no,no,308
DSG2,3,yes,no,no,no,no,no,no,no,no,309
EPHA6,3,yes,no,no,no,no,no,no,no,no,310
DLG1,3,yes,no,no,no,no,no,no,no,no,311
ITGA6,3,yes,no,no,no,no,no,no,no,no,312
SCN8A,3,yes,no,no,no,no,no,no,no,no,313
SEMA3A,3,yes,no,no,no,no,no,no,no,no,314
SIAH2,3,yes,no,no,no,no,no,no,no,no,315
CASP6,3,yes,no,no,no,no,no,no,no,no,316
VAV3,3,yes,no,no,no,no,no,no,no,no,317
CASP8,3,yes,no,no,no,no,no,no,no,no,318
EPHA5,3,yes,no,no,no,no,no,no,no,no,319
MMP2,3,yes,no,no,no,no,no,no,no,no,320
LIMK1,3,yes,no,no,no,no,no,no,no,no,321
CACNA1G,3,yes,no,no,no,no,no,no,no,no,322
PARVB,3,yes,no,no,no,no,no,no,no,no,323
CCT8,3,yes,no,no,no,no,no,no,no,no,324
ROBO3,3,yes,no,no,no,no,no,no,no,no,325
LYPLA2,3,yes,no,no,no,no,no,no,no,no,326
EFNA4,3,yes,no,no,no,no,no,no,no,no,327
NTN4,3,yes,no,no,no,no,no,no,no,no,328
CLDN17,3,yes,no,no,no,no,no,no,no,no,329
CSNK2A2,3,yes,no,no,no,no,no,no,no,no,330
FES,3,yes,no,no,no,no,no,no,no,no,331
SLIT3,3,yes,no,no,no,no,no,no,no,no,332
COL4A1,3,yes,no,no,no,no,no,no,no,no,333
COL2A1,3,yes,no,no,no,no,no,no,no,no,334
SEMA5A,3,yes,no,no,no,no,no,no,no,no,335
ITGA5,3,yes,no,no,no,no,no,no,no,no,336
LIMK2,3,yes,no,no,no,no,no,no,no,no,337
NCAN,3,yes,no,no,no,no,no,no,no,no,338
VEGFA,3,yes,no,no,no,no,no,no,no,no,339
TBCE,3,yes,no,no,no,no,no,no,no,no,340
PLXNA1,3,yes,no,no,no,no,no,no,no,no,341
ITGA2,3,yes,no,no,no,no,no,no,no,no,342
ROBO2,3,yes,no,no,no,no,no,no,no,no,343
SDK2,3,yes,no,no,no,no,no,no,no,no,344
CACNB2,3,yes,no,no,no,no,no,no,no,no,345
LAMA1,3,yes,no,no,no,no,no,no,no,no,346
CDH9,3,yes,no,no,no,no,no,no,no,no,347
CDH7,3,yes,no,no,no,no,no,no,no,no,348
ALCAM,3,yes,no,no,no,no,no,no,no,no,349
CDH6,3,yes,no,no,no,no,no,no,no,no,350
RPS6KA3,3,yes,no,no,no,no,no,no,no,no,351
PLXNA4,3,yes,no,no,no,no,no,no,no,no,352
NR3C1,3,yes,no,no,no,no,no,no,no,no,353
CDH4,3,yes,no,no,no,no,no,no,no,no,354
DCC,3,yes,no,no,no,no,no,no,no,no,355
CDH2,3,yes,no,no,no,no,no,no,no,no,356
CDH18,3,yes,no,no,no,no,no,no,no,no,357
CDH12,3,yes,no,no,no,no,no,no,no,no,358
AGRN,3,yes,no,no,no,no,no,no,no,no,359
ROBO1,3,yes,no,no,no,no,no,no,no,no,360
HMGB2,3,yes,no,no,no,no,no,no,no,no,361
GRB7,3,yes,no,no,no,no,no,no,no,no,362
CLDN8,3,yes,no,no,no,no,no,no,no,no,363
PRKACB,3,yes,no,no,no,no,no,no,no,no,364
LAMC1,3,yes,no,no,no,no,no,no,no,no,365
CDH13,3,yes,no,no,no,no,no,no,no,no,366
L1CAM,3,yes,no,no,no,no,no,no,no,no,367
LAMB3,3,yes,no,no,no,no,no,no,no,no,368
CLDN1,3,yes,no,no,no,no,no,no,no,no,369
LAMB1,3,yes,no,no,no,no,no,no,no,no,370
APC,3,yes,no,no,no,no,no,no,no,no,371
CDH15,3,yes,no,no,no,no,no,no,no,no,372
CDH5,3,yes,no,no,no,no,no,no,no,no,373
NEO1,3,yes,no,no,no,no,no,no,no,no,374
DOK4,3,yes,no,no,no,no,no,no,no,no,375
ARHGEF7,3,yes,no,no,no,no,no,no,no,no,376
DAB2,3,yes,no,no,no,no,no,no,no,no,377
RPS6KA1,3,yes,no,no,no,no,no,no,no,no,378
RPS6KA2,3,yes,no,no,no,no,no,no,no,no,379
DPYSL4,3,yes,no,no,no,no,no,no,no,no,380
DOK5,3,yes,no,no,no,no,no,no,no,no,381
NECTIN3,3,yes,no,no,no,no,no,no,no,no,382
COL4A5,3,yes,no,no,no,no,no,no,no,no,383
PRNP,3,yes,no,no,no,no,no,no,no,no,384
FKBP5,3,yes,no,no,no,no,no,no,no,no,385
OCLN,3,yes,no,no,no,no,no,no,no,no,386
TIAM1,3,yes,no,no,no,no,no,no,no,no,387
CDK5,3,yes,no,no,no,no,no,no,no,no,388
COL9A2,3,yes,no,no,no,no,no,no,no,no,389
COL9A3,3,yes,no,no,no,no,no,no,no,no,390
EPHA8,3,yes,no,no,no,no,no,no,no,no,391
COL6A2,3,yes,no,no,no,no,no,no,no,no,392
COL6A1,3,yes,no,no,no,no,no,no,no,no,393
NUMB,3,yes,no,no,no,no,no,no,no,no,394
PARVA,3,yes,no,no,no,no,no,no,no,no,395
ITSN1,3,yes,no,no,no,no,no,no,no,no,396
PLXNC1,3,yes,no,no,no,no,no,no,no,no,397
EPHA1,3,yes,no,no,no,no,no,no,no,no,398
CLDN14,3,yes,no,no,no,no,no,no,no,no,399
EZR,3,yes,no,no,no,no,no,no,no,no,400
CACNA1C,3,yes,no,no,no,no,no,no,no,no,401
SLIT1,3,yes,no,no,no,no,no,no,no,no,402
NRP2,3,yes,no,no,no,no,no,no,no,no,403
NRP1,3,yes,no,no,no,no,no,no,no,no,404
DYNC1H1,3,yes,no,no,no,no,no,no,no,no,405
CACNA1S,3,yes,no,no,no,no,no,no,no,no,406
MAPK11,3,yes,no,no,no,no,no,no,no,no,407
MAPK13,3,yes,no,no,no,no,no,no,no,no,408
CADM1,3,yes,no,no,no,no,no,no,no,no,409
PLXNB1,3,yes,no,no,no,no,no,no,no,no,410
DLG3,3,yes,no,no,no,no,no,no,no,no,411
AFDN,3,yes,no,no,no,no,no,no,no,no,412
PRKCI,3,yes,no,no,no,no,no,no,no,no,413
CDH10,3,yes,no,no,no,no,no,no,no,no,414
ADAM10,3,yes,no,no,no,no,no,no,no,no,415
CLDN5,3,yes,no,no,no,no,no,no,no,no,416
PRKCA,3,yes,no,no,no,no,no,no,no,no,417
MYO10,3,yes,no,no,no,no,no,no,no,no,418
EPHB6,3,yes,no,no,no,no,no,no,no,no,419
IQGAP1,3,yes,no,no,no,no,no,no,no,no,420
PSMD1,3,yes,no,no,no,no,no,no,no,no,421
PSME4,3,yes,no,no,no,no,no,no,no,no,422
PSMC5,3,yes,no,no,no,no,no,no,no,no,423
PSMC4,3,yes,no,no,no,no,no,no,no,no,424
PSMD2,3,yes,no,no,no,no,no,no,no,no,425
PSMA3,3,yes,no,no,no,no,no,no,no,no,426
MARK3,3,yes,no,no,no,no,no,no,no,no,427
ARRB2,3,yes,no,no,no,no,no,no,no,no,428
IRS2,3,yes,no,no,no,no,no,no,no,no,429
RASA1,3,yes,no,no,no,no,no,no,no,no,430
RASGRF2,3,yes,no,no,no,no,no,no,no,no,431
RASAL1,3,yes,no,no,no,no,no,no,no,no,432
ROCK1,3,yes,no,no,no,no,no,no,no,no,433
DAB2IP,3,yes,no,no,no,no,no,no,no,no,434
KSR1,3,yes,no,no,no,no,no,no,no,no,435
SPRED1,3,yes,no,no,no,no,no,no,no,no,436
FGA,3,yes,no,no,no,no,no,no,no,no,437
RASGRP1,3,yes,no,no,no,no,no,no,no,no,438
MAP3K11,3,yes,no,no,no,no,no,no,no,no,439
GFRA1,3,yes,no,no,no,no,no,no,no,no,440
IQGAP2,3,yes,no,no,no,no,no,no,no,no,441
CACNA1D,3,yes,no,no,no,no,no,no,no,no,442
PLXNA2,3,yes,no,no,no,no,no,no,no,no,443
UNC5D,3,yes,no,no,no,no,no,no,no,no,444
SCN1A,3,yes,no,no,no,no,no,no,no,no,445
DNM3,3,yes,no,no,no,no,no,no,no,no,446
STK24,3,yes,no,no,no,no,no,no,no,no,447
PATJ,3,yes,no,no,no,no,no,no,no,no,448
ARHGAP39,3,yes,no,no,no,no,no,no,no,no,449
KPNB1,3,yes,no,no,no,no,no,no,no,no,450
DNAJA1,3,yes,no,no,no,no,no,no,no,no,451
PLXND1,3,yes,no,no,no,no,no,no,no,no,452
DOK6,3,yes,no,no,no,no,no,no,no,no,453
DSP,3,yes,no,no,no,no,no,no,no,no,454
COL6A6,3,yes,no,no,no,no,no,no,no,no,455
COL6A5,3,yes,no,no,no,no,no,no,no,no,456
LAMA3,3,yes,no,no,no,no,no,no,no,no,457
CLDN9,3,yes,no,no,no,no,no,no,no,no,458
ITGA10,3,yes,no,no,no,no,no,no,no,no,459
GJB5,3,yes,no,no,no,no,no,no,no,no,460
KIRREL2,3,yes,no,no,no,no,no,no,no,no,461
AP2A2,3,yes,no,no,no,no,no,no,no,no,462
CDH24,3,yes,no,no,no,no,no,no,no,no,463
SEMA3E,3,yes,no,no,no,no,no,no,no,no,464
CASP7,3,yes,no,no,no,no,no,no,no,no,465
MPP5,3,yes,no,no,no,no,no,no,no,no,466
SDK1,3,yes,no,no,no,no,no,no,no,no,467
PAK5,3,yes,no,no,no,no,no,no,no,no,468
KCNQ2,3,yes,no,no,no,no,no,no,no,no,469
LIMS2,3,yes,no,no,no,no,no,no,no,no,470
GJC1,3,yes,no,no,no,no,no,no,no,no,471
DSCAML1,3,yes,no,no,no,no,no,no,no,no,472
SCN10A,3,yes,no,no,no,no,no,no,no,no,473
PTPRC,3,yes,no,no,no,no,no,no,no,no,474
ADD1,3,yes,no,no,no,no,no,no,no,no,475
CCT2,3,yes,no,no,no,no,no,no,no,no,476
RDX,3,yes,no,no,no,no,no,no,no,no,477
CACNA1H,3,yes,no,no,no,no,no,no,no,no,478
ITGA9,3,yes,no,no,no,no,no,no,no,no,479
ITGAV,3,yes,no,no,no,no,no,no,no,no,480
CNTN6,3,yes,no,no,no,no,no,no,no,no,481
TBCB,3,yes,no,no,no,no,no,no,no,no,482
CACNA1I,3,yes,no,no,no,no,no,no,no,no,483
RPS6KA6,3,yes,no,no,no,no,no,no,no,no,484
SH3GL2,3,yes,no,no,no,no,no,no,no,no,485
MAPK7,3,yes,no,no,no,no,no,no,no,no,486
BIRC2,3,yes,no,no,no,no,no,no,no,no,487
GJB1,3,yes,no,no,no,no,no,no,no,no,488
CLSPN,3,yes,no,no,no,no,no,no,no,no,489
MAPK14,3,yes,no,no,no,no,no,no,no,no,490
SIAH1,3,yes,no,no,no,no,no,no,no,no,491
COL6A3,3,yes,no,no,no,no,no,no,no,no,492
INPP5D,3,yes,no,no,no,no,no,no,no,no,493
VAV2,3,yes,no,no,no,no,no,no,no,no,494
CAP2,3,yes,no,no,no,no,no,no,no,no,495
ROCK2,3,yes,no,no,no,no,no,no,no,no,496
CLDN11,3,yes,no,no,no,no,no,no,no,no,497
COL3A1,3,yes,no,no,no,no,no,no,no,no,498
DYNC1I1,3,yes,no,no,no,no,no,no,no,no,499
SCN11A,3,yes,no,no,no,no,no,no,no,no,500
LAMC2,3,yes,no,no,no,no,no,no,no,no,501
TUBAL3,3,yes,no,no,no,no,no,no,no,no,502
PSMD5,3,yes,no,no,no,no,no,no,no,no,503
PSMB3,3,yes,no,no,no,no,no,no,no,no,504
RPS27A,3,yes,no,no,no,no,no,no,no,no,505
ACTN2,3,yes,no,no,no,no,no,no,no,no,506
PSMA4,3,yes,no,no,no,no,no,no,no,no,507
PSMB2,3,yes,no,no,no,no,no,no,no,no,508
TLN1,3,yes,no,no,no,no,no,no,no,no,509
RASA4,3,yes,no,no,no,no,no,no,no,no,510
CLTA,3,yes,no,no,no,no,no,no,no,no,511
PPP5C,3,yes,no,no,no,no,no,no,no,no,512
ITGA2B,3,yes,no,no,no,no,no,no,no,no,513
SYNGAP1,3,yes,no,no,no,no,no,no,no,no,514
RANBP9,3,yes,no,no,no,no,no,no,no,no,515
ITGB3,3,yes,no,no,no,no,no,no,no,no,516
RASGRP3,3,yes,no,no,no,no,no,no,no,no,517
IL3RA,3,yes,no,no,no,no,no,no,no,no,518
FGF4,3,yes,no,no,no,no,no,no,no,no,519
RAPGEF2,3,yes,no,no,no,no,no,no,no,no,520
NRG4,3,yes,no,no,no,no,no,no,no,no,521
KLB,3,yes,no,no,no,no,no,no,no,no,522
SPTA1,3,yes,no,no,no,no,no,no,no,no,523
FGF23,3,yes,no,no,no,no,no,no,no,no,524
IL2,3,yes,no,no,no,no,no,no,no,no,525
CSF2RA,3,yes,no,no,no,no,no,no,no,no,526
LAT,3,yes,no,no,no,no,no,no,no,no,527
CNKSR1,3,yes,no,no,no,no,no,no,no,no,528
NRG2,3,yes,no,no,no,no,no,no,no,no,529
VWF,3,yes,no,no,no,no,no,no,no,no,530
DYNC1LI1,3,yes,no,no,no,no,no,no,no,no,531
PVR,3,yes,no,no,no,no,no,no,no,no,532
NECTIN2,3,yes,no,no,no,no,no,no,no,no,533
MAPK12,3,yes,no,no,no,no,no,no,no,no,534
DNM1L,3,yes,no,no,no,no,no,no,no,no,535
PLXNB3,3,yes,no,no,no,no,no,no,no,no,536
GJA5,3,yes,no,no,no,no,no,no,no,no,537
CLDN16,3,yes,no,no,no,no,no,no,no,no,538
CCT5,3,yes,no,no,no,no,no,no,no,no,539
KALRN,3,yes,no,no,no,no,no,no,no,no,540
GIT1,3,yes,no,no,no,no,no,no,no,no,541
AP2B1,3,yes,no,no,no,no,no,no,no,no,542
CLDN15,3,yes,no,no,no,no,no,no,no,no,543
CCT7,3,yes,no,no,no,no,no,no,no,no,544
ACTR3,3,yes,no,no,no,no,no,no,no,no,545
ACTR2,3,yes,no,no,no,no,no,no,no,no,546
TRPC5,3,yes,no,no,no,no,no,no,no,no,547
TRPC6,3,yes,no,no,no,no,no,no,no,no,548
TRPC3,3,yes,no,no,no,no,no,no,no,no,549
GJB4,3,yes,no,no,no,no,no,no,no,no,550
GJB7,3,yes,no,no,no,no,no,no,no,no,551
TBCC,3,yes,no,no,no,no,no,no,no,no,552
ACTN4,3,yes,no,no,no,no,no,no,no,no,553
RPS6KA5,3,yes,no,no,no,no,no,no,no,no,554
MYO6,3,yes,no,no,no,no,no,no,no,no,555
SCN4A,3,yes,no,no,no,no,no,no,no,no,556
COL5A1,3,yes,no,no,no,no,no,no,no,no,557
ANK2,3,yes,no,no,no,no,no,no,no,no,558
PRKACG,3,yes,no,no,no,no,no,no,no,no,559
COL5A3,3,yes,no,no,no,no,no,no,no,no,560
TBCD,3,yes,no,no,no,no,no,no,no,no,561
SCN7A,3,yes,no,no,no,no,no,no,no,no,562
SCN5A,3,yes,no,no,no,no,no,no,no,no,563
DSG3,3,yes,no,no,no,no,no,no,no,no,564
CLDN12,3,yes,no,no,no,no,no,no,no,no,565
CDH17,3,yes,no,no,no,no,no,no,no,no,566
TRPC7,3,yes,no,no,no,no,no,no,no,no,567
GJB6,3,yes,no,no,no,no,no,no,no,no,568
DNAJA2,3,yes,no,no,no,no,no,no,no,no,569
LMNA,3,yes,no,no,no,no,no,no,no,no,570
CLDN7,3,yes,no,no,no,no,no,no,no,no,571
ACTR1A,3,yes,no,no,no,no,no,no,no,no,572
ARHGEF6,3,yes,no,no,no,no,no,no,no,no,573
MSN,3,yes,no,no,no,no,no,no,no,no,574
CLDN18,3,yes,no,no,no,no,no,no,no,no,575
DYNC1LI2,3,yes,no,no,no,no,no,no,no,no,576
DYNC1I2,3,yes,no,no,no,no,no,no,no,no,577
CAPZA3,3,yes,no,no,no,no,no,no,no,no,578
ARHGEF28,3,yes,no,no,no,no,no,no,no,no,579
DCTN4,3,yes,no,no,no,no,no,no,no,no,580
DCTN3,3,yes,no,no,no,no,no,no,no,no,581
PGR,3,yes,no,no,no,no,no,no,no,no,582
ACTN3,3,yes,no,no,no,no,no,no,no,no,583
KIF4B,3,yes,no,no,no,no,no,no,no,no,584
ABLIM2,3,yes,no,no,no,no,no,no,no,no,585
ACTN1,3,yes,no,no,no,no,no,no,no,no,586
CD151,3,yes,no,no,no,no,no,no,no,no,587
GJD3,3,yes,no,no,no,no,no,no,no,no,588
HMGB1,3,yes,no,no,no,no,no,no,no,no,589
ANK3,3,yes,no,no,no,no,no,no,no,no,590
THUMPD3,3,no,no,no,yes,no,no,no,no,no,591
SNRPA1,3,no,no,no,yes,no,no,no,no,no,592
RBM22,3,no,no,no,yes,no,no,no,no,no,593
GSK3A,3,no,no,no,yes,no,no,no,no,no,594
LCK,3,no,no,no,yes,no,no,no,no,no,595
EIF3B,3,no,no,no,yes,no,no,no,no,no,596
HNRNPF,3,no,no,no,yes,no,no,no,no,no,597
MAP3K2,3,no,no,no,yes,no,no,no,no,no,598
GMDS,3,no,no,no,yes,no,no,no,no,no,599
GRK2,3,no,no,no,yes,no,no,no,no,no,600
GRK3,3,no,no,no,yes,no,no,no,no,no,601
ATG3,3,no,no,no,yes,no,no,no,no,no,602
ACTA2,3,no,no,no,yes,no,no,no,no,no,603
PPP1R11,3,no,no,no,yes,no,no,no,no,no,604
SND1,3,no,no,no,yes,no,no,no,no,no,605
PCBP2,3,no,no,no,yes,no,no,no,no,no,606
ACTA1,3,no,no,no,yes,no,no,no,no,no,607
WNK1,3,no,no,no,yes,no,no,no,no,no,608
HNRNPH3,3,no,no,no,yes,no,no,no,no,no,609
OPHN1,3,no,no,no,yes,no,no,no,no,no,610
AGO3,3,no,no,no,yes,no,no,no,no,no,611
CHD2,3,no,no,no,yes,no,no,no,no,no,612
PYGB,3,no,no,no,yes,no,no,no,no,no,613
UBR5,3,no,no,no,yes,no,no,no,no,no,614
HNRNPC,3,no,no,no,yes,no,no,no,no,no,615
DDR2,3,no,no,no,yes,no,no,no,no,no,616
SLC39A3,3,no,no,no,yes,no,no,no,no,no,617
MED1,3,no,no,no,yes,no,no,no,no,no,618
SPATA2,3,no,no,no,yes,no,no,no,no,no,619
BLK,3,no,no,no,yes,no,no,no,no,no,620
ITSN2,3,no,no,no,yes,no,no,no,no,no,621
DMTN,3,no,no,no,yes,no,no,no,no,no,622
TAGLN3,3,no,no,no,yes,no,no,no,no,no,623
THRAP3,3,no,no,no,yes,no,no,no,no,no,624
PDLIM1,3,no,no,no,yes,no,no,no,no,no,625
SLC38A2,3,no,no,no,yes,no,no,no,no,no,626
ABCC5,3,no,no,no,yes,no,no,no,no,no,627
ELAVL1,3,no,no,no,yes,no,no,no,no,no,628
KCNAB2,3,no,no,no,yes,no,no,no,no,no,629
PRPSAP2,3,no,no,no,yes,no,no,no,no,no,630
GOT1,3,no,no,no,yes,no,no,no,no,no,631
LMO7,3,no,no,no,yes,no,no,no,no,no,632
ACTC1,3,no,no,no,yes,no,no,no,no,no,633
SFPQ,3,no,no,no,yes,no,no,no,no,no,634
DLG2,3,no,no,no,yes,no,no,no,no,no,635
ALDOA,3,no,no,no,yes,no,no,no,no,no,636
YBX1,3,no,no,no,yes,no,no,no,no,no,637
KIAA1217,3,no,no,no,yes,no,no,no,no,no,638
MAP1B,3,no,no,no,yes,no,no,no,no,no,639
CKM,3,no,no,no,yes,no,no,no,no,no,640
EEF2,3,no,no,no,yes,no,no,no,no,no,641
TAGLN2,3,no,no,no,yes,no,no,no,no,no,642
RANBP1,3,no,no,no,yes,no,no,no,no,no,643
NIPSNAP1,3,no,no,no,yes,no,no,no,no,no,644
CKAP2L,3,no,no,no,yes,no,no,no,no,no,645
GAPVD1,3,no,no,no,yes,no,no,no,no,no,646
SLC1A5,3,no,no,no,yes,no,no,no,no,no,647
7-Mar,3,no,no,no,yes,no,no,no,no,no,648
PDLIM5,3,no,no,no,yes,no,no,no,no,no,649
ATP1A3,3,no,no,no,yes,no,no,no,no,no,650
KATNB1,3,no,no,no,yes,no,no,no,no,no,651
ARHGAP32,3,no,no,no,yes,no,no,no,no,no,652
TFG,3,no,no,no,yes,no,no,no,no,no,653
USP15,3,no,no,no,yes,no,no,no,no,no,654
TOM1,3,no,no,no,yes,no,no,no,no,no,655
FAM120B,3,no,no,no,yes,no,no,no,no,no,656
ANKS1A,3,no,no,no,yes,no,no,no,no,no,657
FARSA,3,no,no,no,yes,no,no,no,no,no,658
PCM1,3,no,no,no,yes,no,no,no,no,no,659
DIDO1,3,no,no,no,yes,no,no,no,no,no,660
HNRNPM,3,no,no,no,yes,no,no,no,no,no,661
LGR4,3,no,no,no,yes,no,no,no,no,no,662
DNMBP,3,no,no,no,yes,no,no,no,no,no,663
RFFL,3,no,no,no,yes,no,no,no,no,no,664
KNL1,3,no,no,no,yes,no,no,no,no,no,665
FAM111A,3,no,no,no,yes,no,no,no,no,no,666
TTK,3,no,no,no,yes,no,no,no,no,no,667
SRSF9,3,no,no,no,yes,no,no,no,no,no,668
ECI2,3,no,no,no,yes,no,no,no,no,no,669
EIF4ENIF1,3,no,no,no,yes,no,no,no,no,no,670
RPS3A,3,no,no,no,yes,no,no,no,no,no,671
XRN1,3,no,no,no,yes,no,no,no,no,no,672
ANKLE2,3,no,no,no,yes,no,no,no,no,no,673
USP6NL,3,no,no,no,yes,no,no,no,no,no,674
BYSL,3,no,no,no,yes,no,no,no,no,no,675
TNS1,3,no,no,no,yes,no,no,no,no,no,676
ERRFI1,3,no,no,no,yes,no,no,no,no,no,677
LRRFIP2,3,no,no,no,yes,no,no,no,no,no,678
SCAMP3,3,no,no,no,yes,no,no,no,no,no,679
CD28,3,no,no,no,yes,no,no,no,no,no,680
REPS2,3,no,no,no,yes,no,no,no,no,no,681
REEP4,3,no,no,no,yes,no,no,no,no,no,682
CHD1,3,no,no,no,yes,no,no,no,no,no,683
PDAP1,3,no,no,no,yes,no,no,no,no,no,684
KLC4,3,no,no,no,yes,no,no,no,no,no,685
UBAP2,3,no,no,no,yes,no,no,no,no,no,686
ZDHHC17,3,no,no,no,yes,no,no,no,no,no,687
SMG6,3,no,no,no,yes,no,no,no,no,no,688
TRAPPC8,3,no,no,no,yes,no,no,no,no,no,689
SRSF3,3,no,no,no,yes,no,no,no,no,no,690
FAM32A,3,no,no,no,yes,no,no,no,no,no,691
ALYREF,3,no,no,no,yes,no,no,no,no,no,692
CRIP2,3,no,no,no,yes,no,no,no,no,no,693
GBF1,3,no,no,no,yes,no,no,no,no,no,694
YTHDF2,3,no,no,no,yes,no,no,no,no,no,695
JMY,3,no,no,no,yes,no,no,no,no,no,696
PPA2,3,no,no,no,yes,no,no,no,no,no,697
GEN1,3,no,no,no,yes,no,no,no,no,no,698
LSR,3,no,no,no,yes,no,no,no,no,no,699
EIF4B,3,no,no,no,yes,no,no,no,no,no,700
ARHGAP42,3,no,no,no,yes,no,no,no,no,no,701
ESYT2,3,no,no,no,yes,no,no,no,no,no,702
EIF3L,3,no,no,no,yes,no,no,no,no,no,703
UBAP2L,3,no,no,no,yes,no,no,no,no,no,704
PGM5,3,no,no,no,yes,no,no,no,no,no,705
ACTG2,3,no,no,no,yes,no,no,no,no,no,706
DCP1B,3,no,no,no,yes,no,no,no,no,no,707
LPP,3,no,no,no,yes,no,no,no,no,no,708
TDRD3,3,no,no,no,yes,no,no,no,no,no,709
PTK6,3,no,no,no,yes,no,no,no,no,no,710
PREP,3,no,no,no,yes,no,no,no,no,no,711
DOCK11,3,no,no,no,yes,no,no,no,no,no,712
R3HCC1L,3,no,no,no,yes,no,no,no,no,no,713
TAGLN,3,no,no,no,yes,no,no,no,no,no,714
ISCU,3,no,no,no,yes,no,no,no,no,no,715
MAP3K3,3,no,no,no,yes,no,no,no,no,no,716
APLP2,3,no,no,no,yes,no,no,no,no,no,717
LPXN,3,no,no,no,yes,no,no,no,no,no,718
LDLR,3,no,no,no,yes,no,no,no,no,no,719
MUC1,3,no,no,no,yes,no,no,no,no,no,720
PTPN22,3,no,no,no,yes,no,no,no,no,no,721
ALKBH3,3,no,no,no,yes,no,no,no,no,no,722
APIP,3,no,no,no,yes,no,no,no,no,no,723
PGM1,3,no,no,no,yes,no,no,no,no,no,724
C9orf78,3,no,no,no,yes,no,no,no,no,no,725
KRT7,3,no,no,no,yes,no,no,no,no,no,726
ACSM1,3,no,no,no,yes,no,no,no,no,no,727
NIFK,3,no,no,no,yes,no,no,no,no,no,728
TANC2,3,no,no,no,yes,no,no,no,no,no,729
GPA33,3,no,no,no,yes,no,no,no,no,no,730
LTV1,3,no,no,no,yes,no,no,no,no,no,731
HELZ,3,no,no,no,yes,no,no,no,no,no,732
LCP1,3,no,no,no,yes,no,no,no,no,no,733
ATP2A2,3,no,no,no,yes,no,no,no,no,no,734
ACSM2A,3,no,no,no,yes,no,no,no,no,no,735
CRYGB,3,no,no,no,no,no,yes,no,no,no,736
ATP6V0E1,3,no,no,no,no,no,yes,no,no,no,737
SOX15,3,no,no,no,no,no,yes,no,no,no,738
CXCL12,3,no,no,no,no,no,yes,no,no,no,739
CRYAB,3,no,no,no,no,no,yes,no,no,no,740
C18orf32,3,no,no,no,no,no,yes,no,no,no,741
PRELID2,3,no,no,no,no,no,yes,no,no,no,742
GM2A,3,no,no,no,no,no,yes,no,no,no,743
CSN3,3,no,no,no,no,no,yes,no,no,no,744
ARL6IP1,3,no,no,no,no,no,yes,no,no,no,745
VOPP1,3,no,no,no,no,no,yes,no,no,no,746
HHEX,3,no,no,no,no,no,yes,no,no,no,747
IGF1,3,no,no,no,no,no,yes,no,no,no,748
ELAVL2,3,no,no,no,no,no,yes,no,no,no,749
RBM38,3,no,no,no,no,no,yes,no,no,no,750
HOXB6,3,no,no,no,no,no,yes,no,no,no,751
C2orf70,3,no,no,no,no,no,yes,no,no,no,752
POU2AF1,3,no,no,no,no,no,yes,no,no,no,753
COX4I2,3,no,no,no,no,no,yes,no,no,no,754
LITAF,3,no,no,no,no,no,yes,no,no,no,755
ELAVL4,3,no,no,no,no,no,yes,no,no,no,756
SPARC,3,no,no,no,no,no,yes,no,no,no,757
C5orf49,3,no,no,no,no,no,yes,no,no,no,758
CRX,3,no,no,no,no,no,yes,no,no,no,759
PEMT,3,no,no,no,no,no,yes,no,no,no,760
CRYGC,3,no,no,no,no,no,yes,no,no,no,761
TRANK1,3,no,no,no,no,no,yes,no,no,no,762
RNF152,3,no,no,no,no,no,yes,no,no,no,763
BGLAP,3,no,no,no,no,no,yes,no,no,no,764
COX8A,3,no,no,no,no,no,yes,no,no,no,765
EGR2,3,no,no,no,no,no,yes,no,no,no,766
MRPS18C,3,no,no,no,no,no,yes,no,no,no,767
SPINK8,3,no,no,no,no,no,yes,no,no,no,768
MTX2,3,no,no,no,no,no,yes,no,no,no,769
PAX9,3,no,no,no,no,no,yes,no,no,no,770
GPX2,3,no,no,no,no,no,yes,no,no,no,771
C17orf58,3,no,no,no,no,no,yes,no,no,no,772
DAZ2,3,no,no,no,no,no,yes,no,no,no,773
NEU2,3,no,no,no,no,no,yes,no,no,no,774
SYNGR2,3,no,no,no,no,no,yes,no,no,no,775
MPPED2,3,no,no,no,no,no,yes,no,no,no,776
B3GAT2,3,no,no,no,no,no,yes,no,no,no,777
HOXB3,3,no,no,no,no,no,yes,no,no,no,778
NDUFB9,3,no,no,no,no,no,yes,no,no,no,779
FSHB,3,no,no,no,no,no,yes,no,no,no,780
TANGO2,3,no,no,no,no,no,yes,no,no,no,781
NKX6-2,3,no,no,no,no,no,yes,no,no,no,782
CRYGA,3,no,no,no,no,no,yes,no,no,no,783
LECT2,3,no,no,no,no,no,yes,no,no,no,784
VPS29,3,no,no,no,no,no,yes,no,no,no,785
DPT,3,no,no,no,no,no,yes,no,no,no,786
LYRM1,3,no,no,no,no,no,yes,no,no,no,787
SPINK2,3,no,no,no,no,no,yes,no,no,no,788
TEPP,3,no,no,no,no,no,yes,no,no,no,789
MRPS21,3,no,no,no,no,no,yes,no,no,no,790
FOSL1,3,no,no,no,no,no,yes,no,no,no,791
SHISA5,3,no,no,no,no,no,yes,no,no,no,792
CXCL8,3,no,no,no,no,no,yes,no,no,no,793
SPANXD,3,no,no,no,no,no,yes,no,no,no,794
GAGE12J,3,no,no,no,no,no,yes,no,no,no,795
DPM2,3,no,no,no,no,no,yes,no,no,no,796
CRISPLD2,3,no,no,no,no,no,yes,no,no,no,797
PAQR5,3,no,no,no,no,no,yes,no,no,no,798
CCL22,3,no,no,no,no,no,yes,no,no,no,799
MYCBP,3,no,no,no,no,no,yes,no,no,no,800
TMBIM1,3,no,no,no,no,no,yes,no,no,no,801
DAZ1,3,no,no,no,no,no,yes,no,no,no,802
DAZ3,3,no,no,no,no,no,yes,no,no,no,803
ASCL3,3,no,no,no,no,no,yes,no,no,no,804
RNF166,3,no,no,no,no,no,yes,no,no,no,805
ENTPD7,3,no,no,no,no,no,yes,no,no,no,806
SMIM20,3,no,no,no,no,no,yes,no,no,no,807
TREM1,3,no,no,no,no,no,yes,no,no,no,808
WBP2NL,3,no,no,no,no,no,yes,no,no,no,809
ZNF785,3,no,no,no,no,no,yes,no,no,no,810
SPINK14,3,no,no,no,no,no,yes,no,no,no,811
SS18,3,no,no,no,no,no,yes,no,no,no,812
C9orf24,3,no,no,no,no,no,yes,no,no,no,813
LCE6A,3,no,no,no,no,no,yes,no,no,no,814
TMEM240,3,no,no,no,no,no,yes,no,no,no,815
TMEM174,3,no,no,no,no,no,yes,no,no,no,816
MSC,3,no,no,no,no,no,yes,no,no,no,817
MPLKIP,3,no,no,no,no,no,yes,no,no,no,818
RBMY1A1,3,no,no,no,no,no,yes,no,no,no,819
C4orf45,3,no,no,no,no,no,yes,no,no,no,820
DEFB130,3,no,no,no,no,no,yes,no,no,no,821
DPH3P1,3,no,no,no,no,no,yes,no,no,no,822
DPH3,3,no,no,no,no,no,yes,no,no,no,823
SPRR2G,3,no,no,no,no,no,yes,no,no,no,824
CCL14,3,no,no,no,no,no,yes,no,no,no,825
CST4,3,no,no,no,no,no,yes,no,no,no,826
LGALS14,3,no,no,no,no,no,yes,no,no,no,827
GAGE12H,3,no,no,no,no,no,yes,no,no,no,828
SMIM12,3,no,no,no,no,no,yes,no,no,no,829
HSPB3,3,no,no,no,no,no,yes,no,no,no,830
CST1,3,no,no,no,no,no,yes,no,no,no,831
APOO,3,no,no,no,no,no,yes,no,no,no,832
KRTAP3-1,3,no,no,no,no,no,yes,no,no,no,833
COX6A2,3,no,no,no,no,no,yes,no,no,no,834
MPV17,3,no,no,no,no,no,yes,no,no,no,835
RBMY1B,3,no,no,no,no,no,yes,no,no,no,836
RBMY1D,3,no,no,no,no,no,yes,no,no,no,837
DEXI,3,no,no,no,no,no,yes,no,no,no,838
KRTAP6-1,3,no,no,no,no,no,yes,no,no,no,839
LEUTX,3,no,no,no,no,no,yes,no,no,no,840
DEFB135,3,no,no,no,no,no,yes,no,no,no,841
GAGE12I,3,no,no,no,no,no,yes,no,no,no,842
RBMY1E,3,no,no,no,no,no,yes,no,no,no,843
GAGE12G,3,no,no,no,no,no,yes,no,no,no,844
XAGE1E,3,no,no,no,no,no,yes,no,no,no,845
TM6SF1,3,no,no,no,no,no,yes,no,no,no,846
CRYGS,3,no,no,no,no,no,yes,no,no,no,847
SGPP2,3,no,no,no,no,no,yes,no,no,no,848
NPS,3,no,no,no,no,no,yes,no,no,no,849
METTL4,3,no,no,no,no,no,yes,no,no,no,850
ODF3L2,3,no,no,no,no,no,yes,no,no,no,851
RBMY1F,3,no,no,no,no,no,yes,no,no,no,852
DUSP13,3,no,no,no,no,no,yes,no,no,no,853
GTF3C5,3,no,no,no,no,no,yes,no,no,no,854
MRPL50,3,no,no,no,no,no,yes,no,no,no,855
CDIP1,3,no,no,no,no,no,yes,no,no,no,856
ZNF689,3,no,no,no,no,no,yes,no,no,no,857
PRR13,3,no,no,no,no,no,yes,no,no,no,858
TMEM258,3,no,no,no,no,no,yes,no,no,no,859
DEFB113,3,no,no,no,no,no,yes,no,no,no,860
ZDHHC3,3,no,no,no,no,no,yes,no,no,no,861
COLCA2,3,no,no,no,no,no,yes,no,no,no,862
KRTAP8-1,3,no,no,no,no,no,yes,no,no,no,863
HSPB2,3,no,no,no,no,no,yes,no,no,no,864
HIGD1C,3,no,no,no,no,no,yes,no,no,no,865
SPINT4,3,no,no,no,no,no,yes,no,no,no,866
KRTAP12-3,3,no,no,no,no,no,yes,no,no,no,867
SUMO4,3,no,no,no,no,no,yes,no,no,no,868
ATP8,3,no,no,no,no,no,yes,no,no,no,869
NDUFA3,3,no,no,no,no,no,yes,no,no,no,870
KRTAP20-1,3,no,no,no,no,no,yes,no,no,no,871
KRTAP19-4,3,no,no,no,no,no,yes,no,no,no,872
CYSTM1,3,no,no,no,no,no,yes,no,no,no,873
TMEM257,3,no,no,no,no,no,yes,no,no,no,874
C10orf111,3,no,no,no,no,no,yes,no,no,no,875
FAM168A,3,no,no,no,no,no,yes,no,no,no,876
C4orf3,3,no,no,no,no,no,yes,no,no,no,877
ATP5L2,3,no,no,no,no,no,yes,no,no,no,878
LOXL1,3,no,no,no,no,no,yes,no,no,no,879
C12orf73,3,no,no,no,no,no,yes,no,no,no,880
FDCSP,3,no,no,no,no,no,yes,no,no,no,881
MORN2,3,no,no,no,no,no,yes,no,no,no,882
CLPS,3,no,no,no,no,no,yes,no,no,no,883
NDUFB5,3,no,no,no,no,no,yes,no,no,no,884
DPCD,3,no,no,no,no,no,yes,no,no,no,885
MARVELD1,3,no,no,no,no,no,yes,no,no,no,886
C1orf194,3,no,no,no,no,no,yes,no,no,no,887
CDKN1B,2,no,no,yes,no,no,no,no,no,yes,888
SNCA,2,no,no,yes,no,yes,no,no,no,no,889
CHN2,2,no,no,yes,no,yes,no,no,no,no,890
AATK,2,no,no,yes,no,yes,no,no,no,no,891
UBASH3B,1.5,no,no,no,no,no,no,yes,yes,no,892
EYA3,1.5,no,no,no,no,no,no,yes,yes,no,893
JUNB,1.5,no,no,no,no,no,no,no,yes,yes,894
GTF2I,1.5,no,no,yes,no,no,no,no,yes,no,895
SHANK2,1.5,no,no,no,no,no,no,yes,yes,no,896
DCP1A,1.5,no,no,no,no,no,no,yes,yes,no,897
RAPH1,1.5,no,no,no,no,no,no,no,yes,yes,898
CD93,1.5,no,no,no,no,no,no,yes,yes,no,899
ARHGEF5,1.5,no,no,no,no,no,no,yes,yes,no,900
VPS37C,1.5,no,no,no,no,no,no,yes,yes,no,901
CEBPE,1.5,no,no,no,no,no,no,yes,yes,no,902
CD19,1.5,no,no,no,no,no,no,no,yes,yes,903
FMOD,1,no,yes,no,no,no,no,no,yes,no,904
DTX1,1,no,no,no,no,no,no,yes,no,no,905
EXTL3,1,no,no,no,no,no,no,yes,no,no,906
GABBR1,1,no,no,no,no,no,no,yes,no,no,907
PHC2,1,no,no,no,no,no,no,yes,no,no,908
IGF1R,1,no,no,no,no,no,no,yes,no,no,909
VCAM1,1,no,no,no,no,no,no,yes,no,no,910
LCOR,1,no,no,no,no,no,no,yes,no,no,911
NOTCH2,1,no,no,no,no,no,no,yes,no,no,912
KIDINS220,1,no,no,no,no,no,no,yes,no,no,913
EPB41L3,1,no,no,no,no,no,no,yes,no,no,914
KCTD13,1,no,no,no,no,no,no,yes,no,no,915
F2RL2,1,no,no,no,no,no,no,yes,no,no,916
MPDZ,1,no,no,no,no,no,no,yes,no,no,917
DOCK3,1,no,no,no,no,no,no,yes,no,no,918
TDG,1,no,no,no,no,no,no,yes,no,no,919
AGO1,1,no,no,no,no,no,no,yes,no,no,920
CELSR2,1,no,no,no,no,no,no,yes,no,no,921
6-Sep,1,no,no,no,no,no,no,yes,no,no,922
ABI1,1,no,no,no,no,no,no,yes,no,no,923
ISL1,1,no,no,no,no,no,no,yes,no,no,924
PCDHA7,1,no,no,no,no,no,no,yes,no,no,925
SPEN,1,no,no,no,no,no,no,yes,no,no,926
ESD,1,no,no,no,no,no,no,yes,no,no,927
AKAP6,1,no,no,no,no,no,no,yes,no,no,928
RGS7,1,no,no,no,no,no,no,yes,no,no,929
LAMA5,1,no,no,no,no,no,no,yes,no,no,930
TP53BP2,1,no,no,no,no,no,no,yes,no,no,931
ABAT,1,no,no,no,no,no,no,yes,no,no,932
JUN,1,no,no,no,no,no,no,yes,no,no,933
SNX3,1,no,no,no,no,no,no,yes,no,no,934
SNW1,1,no,no,no,no,no,no,yes,no,no,935
BUB1,1,no,no,no,no,no,no,yes,no,no,936
FASLG,1,no,no,no,no,no,no,yes,no,no,937
UBASH3A,1,no,no,no,no,no,no,yes,no,no,938
PRRC2B,1,no,no,no,no,no,no,yes,no,no,939
EDC3,1,no,no,no,no,no,no,yes,no,no,940
FER,1,no,no,no,no,no,no,yes,no,no,941
PNRC1,1,no,no,no,no,no,no,yes,no,no,942
PAX7,1,no,no,no,no,no,no,yes,no,no,943
KIAA0430,1,no,no,no,no,no,no,yes,no,no,944
CBLC,1,no,no,no,no,no,no,yes,no,no,945
KCNMA1,1,no,no,no,no,no,no,yes,no,no,946
MDM2,1,no,no,no,no,no,no,no,no,yes,947
FOXA1,1,no,no,no,no,no,no,no,no,yes,948
DDX5,1,no,no,no,no,no,no,no,no,yes,949
BMPR1A,1,no,no,no,no,no,no,no,no,yes,950
NFAT5,1,no,no,no,no,no,no,no,no,yes,951
ESR1,1,no,no,no,no,no,no,no,no,yes,952
GPX1,1,no,no,no,no,no,no,no,no,yes,953
RBM39,1,no,no,no,no,no,no,no,no,yes,954
ATR,1,no,no,no,no,no,no,no,no,yes,955
YAP1,1,no,no,no,no,no,no,no,no,yes,956
HIPK2,1,no,no,no,no,no,no,no,no,yes,957
MYLK,1,no,no,no,no,no,no,no,no,yes,958
TP63,1,no,no,no,no,no,no,no,no,yes,959
ZC3H4,1,no,no,yes,no,no,no,no,no,no,960
NDFIP2,1,no,no,yes,no,no,no,no,no,no,961
KHDRBS3,1,no,no,yes,no,no,no,no,no,no,962
DAG1,1,no,no,yes,no,no,no,no,no,no,963
AKAP8,1,no,no,yes,no,no,no,no,no,no,964
AGTR1,1,no,no,yes,no,no,no,no,no,no,965
AKT1,1,no,no,yes,no,no,no,no,no,no,966
PDIA2,1,no,no,no,no,no,no,yes,no,no,967
PRAG1,1,no,no,no,no,no,no,yes,no,no,968
LNX2,1,no,no,no,no,no,no,yes,no,no,969
MBIP,1,no,no,no,no,no,no,yes,no,no,970
MPG,1,no,no,no,no,no,no,yes,no,no,971
YY1,1,no,no,no,no,no,no,yes,no,no,972
GAREM1,1,no,no,no,no,no,no,yes,no,no,973
PCDHA1,1,no,no,no,no,no,no,yes,no,no,974
PPFIBP2,1,no,no,no,no,no,no,yes,no,no,975
KAT6A,1,no,no,no,no,no,no,yes,no,no,976
ASAP2,1,no,no,no,no,no,no,yes,no,no,977
DLGAP1,1,no,no,no,no,no,no,yes,no,no,978
DLGAP2,1,no,no,no,no,no,no,yes,no,no,979
SOCS6,1,no,no,no,no,no,no,yes,no,no,980
MAP4K1,1,no,no,no,no,no,no,yes,no,no,981
RYBP,1,no,no,no,no,no,no,yes,no,no,982
DDX6,1,no,no,no,no,no,no,yes,no,no,983
KMT2B,1,no,no,no,no,no,no,yes,no,no,984
GABARAPL1,1,no,no,no,no,no,no,yes,no,no,985
APOB,1,no,no,no,no,no,no,yes,no,no,986
PCDHA5,1,no,no,no,no,no,no,yes,no,no,987
PCDHA6,1,no,no,no,no,no,no,yes,no,no,988
PCDHA2,1,no,no,no,no,no,no,yes,no,no,989
IFT140,1,no,no,no,no,no,no,yes,no,no,990
PTPN1,1,no,no,no,no,no,no,yes,no,no,991
KLF15,1,no,no,no,no,no,no,yes,no,no,992
GRIP2,1,no,no,no,no,no,no,yes,no,no,993
CSMD2,1,no,no,no,no,no,no,yes,no,no,994
ATXN1,1,no,no,no,no,no,no,yes,no,no,995
ISG20L2,1,no,no,no,no,no,no,yes,no,no,996
FASTK,1,no,no,no,no,no,no,yes,no,no,997
WASF2,1,no,no,no,no,no,no,no,no,yes,998
RAD51,1,no,no,no,no,no,no,no,no,yes,999
MYOD1,1,no,no,no,no,no,no,no,no,yes,1000
WWTR1,1,no,no,no,no,no,no,no,no,yes,1001
TP73,1,no,no,no,no,no,no,no,no,yes,1002
CLCN3,1,no,no,yes,no,no,no,no,no,no,1003
MAPK8IP3,1,no,no,yes,no,no,no,no,no,no,1004
SH3PXD2A,1,no,no,yes,no,no,no,no,no,no,1005
CDC25A,1,no,no,yes,no,no,no,no,no,no,1006
KCNB1,1,no,no,yes,no,no,no,no,no,no,1007
APBA1,1,no,no,yes,no,no,no,no,no,no,1008
AFF2,1,no,no,no,no,no,no,yes,no,no,1009
CAST,1,no,no,no,no,no,no,yes,no,no,1010
PCDHA8,1,no,no,no,no,no,no,yes,no,no,1011
NINL,1,no,no,no,no,no,no,yes,no,no,1012
TERF2IP,1,no,no,no,no,no,no,yes,no,no,1013
PCDHA9,1,no,no,no,no,no,no,yes,no,no,1014
CLNK,1,no,no,no,no,no,no,yes,no,no,1015
DLGAP3,1,no,no,no,no,no,no,yes,no,no,1016
SAXO1,1,no,no,no,no,no,no,yes,no,no,1017
KCTD17,1,no,no,no,no,no,no,yes,no,no,1018
DLX4,1,no,no,no,no,no,no,yes,no,no,1019
DOCK5,1,no,no,no,no,no,no,yes,no,no,1020
TCAP,1,no,no,no,no,no,no,yes,no,no,1021
ASAP3,1,no,no,no,no,no,no,yes,no,no,1022
STAT4,1,no,no,no,no,no,no,yes,no,no,1023
DOK7,1,no,no,no,no,no,no,yes,no,no,1024
CEP128,1,no,no,no,no,no,no,yes,no,no,1025
DOK3,1,no,no,no,no,no,no,yes,no,no,1026
ASAP1,1,no,no,no,no,no,no,yes,no,no,1027
MRPL48,1,no,no,no,no,no,no,yes,no,no,1028
TELO2,1,no,no,no,no,no,no,yes,no,no,1029
MEGF6,1,no,no,no,no,no,no,yes,no,no,1030
MAPK4,1,no,no,no,no,no,no,yes,no,no,1031
AOX1,1,no,no,no,no,no,no,yes,no,no,1032
WAC,1,no,no,no,no,no,no,yes,no,no,1033
SOCS1,1,no,no,no,no,no,no,yes,no,no,1034
RIN3,1,no,no,no,no,no,no,yes,no,no,1035
BRD4,1,no,no,no,no,no,no,yes,no,no,1036
ZNF557,1,no,no,no,no,no,no,yes,no,no,1037
THOC2,1,no,no,no,no,no,no,yes,no,no,1038
USP53,1,no,no,no,no,no,no,yes,no,no,1039
NUFIP2,1,no,no,no,no,no,no,yes,no,no,1040
GLTSCR1,1,no,no,no,no,no,no,yes,no,no,1041
USP7,1,no,no,no,no,no,no,yes,no,no,1042
TNS2,1,no,no,no,no,no,no,yes,no,no,1043
ZHX2,1,no,no,no,no,no,no,yes,no,no,1044
RAG1,1,no,no,no,no,no,no,yes,no,no,1045
TPX2,1,no,no,no,no,no,no,yes,no,no,1046
CCP110,1,no,no,no,no,no,no,yes,no,no,1047
DDX41,1,no,no,no,no,no,no,yes,no,no,1048
TM4SF19,1,no,no,no,no,no,no,yes,no,no,1049
AREL1,1,no,no,no,no,no,no,yes,no,no,1050
MNDA,1,no,no,no,no,no,no,yes,no,no,1051
INSR,1,no,no,no,no,no,no,yes,no,no,1052
LIG3,1,no,no,no,no,no,no,yes,no,no,1053
MYOZ2,1,no,no,no,no,no,no,yes,no,no,1054
HSH2D,1,no,no,no,no,no,no,yes,no,no,1055
BEX5,1,no,no,no,no,no,no,yes,no,no,1056
CORO6,1,no,no,no,no,no,no,yes,no,no,1057
STX17,1,no,no,no,no,no,no,no,no,yes,1058
RAD9A,1,no,no,no,no,no,no,no,no,yes,1059
DDB1,1,no,no,no,no,no,no,no,no,yes,1060
CEBPB,1,no,no,no,no,no,no,no,no,yes,1061
ARHGDIA,1,no,no,yes,no,no,no,no,no,no,1062
IKBKB,1,no,no,yes,no,no,no,no,no,no,1063
HEPHL1,0.5,no,yes,no,no,no,no,no,no,no,1064
FOXN2,0.5,no,yes,no,no,no,no,no,no,no,1065
ARHGEF10,0.5,no,yes,no,no,no,no,no,no,no,1066
ZNF777,0.5,no,no,no,no,no,no,no,yes,no,1067
E2F2,0.5,no,no,no,no,no,no,no,yes,no,1068
BCS1L,0.5,no,no,no,no,no,no,no,yes,no,1069
FOXN1,0.5,no,no,no,no,no,no,no,yes,no,1070
HSF4,0.5,no,no,no,no,no,no,no,yes,no,1071
COL20A1,0.5,no,no,no,no,no,no,no,yes,no,1072
RNF31,0.5,no,no,no,no,no,no,no,yes,no,1073
EPC1,0.5,no,no,no,no,no,no,no,yes,no,1074
CPEB4,0.5,no,no,no,no,no,no,no,yes,no,1075
PIK3C2B,0.5,no,no,no,no,no,no,no,yes,no,1076
LLGL1,0.5,no,no,no,no,no,no,no,yes,no,1077
HGS,0.5,no,no,no,no,no,no,no,yes,no,1078
TBP,0.5,no,no,no,no,no,no,no,yes,no,1079
AKNA,0.5,no,no,no,no,no,no,no,yes,no,1080
DACH1,0.5,no,no,no,no,no,no,no,yes,no,1081
ARID1B,0.5,no,no,no,no,no,no,no,yes,no,1082
SETDB1,0.5,no,no,no,no,no,no,no,yes,no,1083
NR0B1,0.5,no,no,no,no,no,no,no,yes,no,1084
DACH2,0.5,no,no,no,no,no,no,no,yes,no,1085
SORBS1,0.5,no,no,no,no,no,no,no,yes,no,1086
EBF4,0.5,no,no,no,no,no,no,no,yes,no,1087
CAMK4,0.5,no,no,no,no,no,no,no,yes,no,1088
RPL15,0.5,no,no,no,no,no,no,no,yes,no,1089
NFIC,0.5,no,no,no,no,no,no,no,yes,no,1090
DVL3,0.5,no,no,no,no,no,no,no,yes,no,1091
ARPP21,0.5,no,no,no,no,no,no,no,yes,no,1092
ITGA3,0.5,no,no,no,no,no,no,no,yes,no,1093
SIX4,0.5,no,no,no,no,no,no,no,yes,no,1094
BSN,0.5,no,no,no,no,no,no,no,yes,no,1095
NFIA,0.5,no,no,no,no,no,no,no,yes,no,1096
PNCK,0.5,no,no,no,no,no,no,no,yes,no,1097
SALL3,0.5,no,no,no,no,no,no,no,yes,no,1098
MACROD2,0.5,no,no,no,no,no,no,no,yes,no,1099
PER1,0.5,no,no,no,no,no,no,no,yes,no,1100
MAPK6,0.5,no,no,no,no,no,no,no,yes,no,1101
SOX8,0.5,no,no,no,no,no,no,no,yes,no,1102
PITX2,0.5,no,no,no,no,no,no,no,yes,no,1103
CSPG4,0.5,no,no,no,no,no,no,no,yes,no,1104
SMARCD1,0.5,no,no,no,no,no,no,no,yes,no,1105
CDX2,0.5,no,no,no,no,no,no,no,yes,no,1106
AMER1,0.5,no,no,no,no,no,no,no,yes,no,1107
FOXI2,0.5,no,no,no,no,no,no,no,yes,no,1108
MSX2,0.5,no,no,no,no,no,no,no,yes,no,1109
GTF2IRD1,0.5,no,no,no,no,no,no,no,yes,no,1110
CD248,0.5,no,no,no,no,no,no,no,yes,no,1111
GLIS3,0.5,no,no,no,no,no,no,no,yes,no,1112
GRIK5,0.5,no,no,no,no,no,no,no,yes,no,1113
FOXN4,0.5,no,no,no,no,no,no,no,yes,no,1114
NAV2,0.5,no,no,no,no,no,no,no,yes,no,1115
ARID1A,0.5,no,no,no,no,no,no,no,yes,no,1116
IRX2,0.5,no,no,no,no,no,no,no,yes,no,1117
ATP6V1A,0.5,no,no,no,no,no,no,no,yes,no,1118
CRTC2,0.5,no,no,no,no,no,no,no,yes,no,1119
EBF2,0.5,no,no,no,no,no,no,no,yes,no,1120
COL27A1,0.5,no,no,no,no,no,no,no,yes,no,1121
IRX6,0.5,no,no,no,no,no,no,no,yes,no,1122
CHD7,0.5,no,no,no,no,no,no,no,yes,no,1123
HDAC5,0.5,no,no,no,no,no,no,no,yes,no,1124
SGPL1,0.5,no,no,no,no,no,no,no,yes,no,1125
NKD2,0.5,no,no,no,no,no,no,no,yes,no,1126
TENM3,0.5,no,no,no,no,no,no,no,yes,no,1127
ZCCHC7,0.5,no,no,no,no,no,no,no,yes,no,1128
AHCTF1,0.5,no,no,no,no,no,no,no,yes,no,1129
GSX1,0.5,no,no,no,no,no,no,no,yes,no,1130
LHX3,0.5,no,no,no,no,no,no,no,yes,no,1131
KLF3,0.5,no,no,no,no,no,no,no,yes,no,1132
MCF2L,0.5,no,no,no,no,no,no,no,yes,no,1133
SPON1,0.5,no,no,no,no,no,no,no,yes,no,1134
ESRRG,0.5,no,no,no,no,no,no,no,yes,no,1135
KMT2E,0.5,no,no,no,no,no,no,no,yes,no,1136
NUAK2,0.5,no,no,no,no,no,no,no,yes,no,1137
NID1,0.5,no,no,no,no,no,no,no,yes,no,1138
NCOR2,0.5,no,no,no,no,no,no,no,yes,no,1139
TIAL1,0.5,no,no,no,no,no,no,no,yes,no,1140
CASZ1,0.5,no,no,no,no,no,no,no,yes,no,1141
BCOR,0.5,no,no,no,no,no,no,no,yes,no,1142
RBM15B,0.5,no,no,no,no,no,no,no,yes,no,1143
E2F8,0.5,no,no,no,no,no,no,no,yes,no,1144
GBA2,0.5,no,no,no,no,no,no,no,yes,no,1145
ZNF276,0.5,no,no,no,no,no,no,no,yes,no,1146
MAPK8IP1,0.5,no,no,no,no,no,no,no,yes,no,1147
BRCA2,0.5,no,no,no,no,no,no,no,yes,no,1148
MEIS2,0.5,no,no,no,no,no,no,no,yes,no,1149
ATP6V0A2,0.5,no,yes,no,no,no,no,no,no,no,1150
CNTRL,0.5,no,no,no,no,no,no,no,yes,no,1151
MPPED1,0.5,no,no,no,no,no,no,no,yes,no,1152
SGMS2,0.5,no,no,no,no,no,no,no,yes,no,1153
NEU4,0.5,no,no,no,no,no,no,no,yes,no,1154
ANKRD17,0.5,no,no,no,no,no,no,no,yes,no,1155
SYNPO,0.5,no,no,no,no,no,no,no,yes,no,1156
TICRR,0.5,no,no,no,no,no,no,no,yes,no,1157
HOXA3,0.5,no,no,no,no,no,no,no,yes,no,1158
BCL9,0.5,no,no,no,no,no,no,no,yes,no,1159
FAAH,0.5,no,no,no,no,no,no,no,yes,no,1160
ATL2,0.5,no,no,no,no,no,no,no,yes,no,1161
THSD4,0.5,no,no,no,no,no,no,no,yes,no,1162
NKX6-1,0.5,no,no,no,no,no,no,no,yes,no,1163
SHANK1,0.5,no,no,no,no,no,no,no,yes,no,1164
DCDC2B,0.5,no,no,no,no,no,no,no,yes,no,1165
GPR137,0.5,no,no,no,no,no,no,no,yes,no,1166
FOXO6,0.5,no,no,no,no,no,no,no,yes,no,1167
VARS,0.5,no,no,no,no,no,no,no,yes,no,1168
ASXL2,0.5,no,no,no,no,no,no,no,yes,no,1169
EPPK1,0.5,no,no,no,no,no,no,no,yes,no,1170
TPRN,0.5,no,no,no,no,no,no,no,yes,no,1171
AKAP1,0.5,no,no,no,no,no,no,no,yes,no,1172
ACD,0.5,no,no,no,no,no,no,no,yes,no,1173
ZNF608,0.5,no,no,no,no,no,no,no,yes,no,1174
CANX,0.5,no,no,no,no,no,no,no,yes,no,1175
SOX18,0.5,no,no,no,no,no,no,no,yes,no,1176
GALNS,0.5,no,no,no,no,no,no,no,yes,no,1177
ZNF592,0.5,no,no,no,no,no,no,no,yes,no,1178
PCNX3,0.5,no,no,no,no,no,no,no,yes,no,1179
NCAPG,0.5,no,no,no,no,no,no,no,yes,no,1180
TMEM132E,0.5,no,no,no,no,no,no,no,yes,no,1181
GRIK4,0.5,no,no,no,no,no,no,no,yes,no,1182
ZMYM3,0.5,no,no,no,no,no,no,no,yes,no,1183
FAM46C,0.5,no,no,no,no,no,no,no,yes,no,1184
MCM4,0.5,no,no,no,no,no,no,no,yes,no,1185
EYA1,0.5,no,no,no,no,no,no,no,yes,no,1186
ERN1,0.5,no,no,no,no,no,no,no,yes,no,1187
NFATC1,0.5,no,no,no,no,no,no,no,yes,no,1188
ADGRA1,0.5,no,no,no,no,no,no,no,yes,no,1189
TENM4,0.5,no,no,no,no,no,no,no,yes,no,1190
ANKEF1,0.5,no,no,no,no,no,no,no,yes,no,1191
MYOF,0.5,no,no,no,no,no,no,no,yes,no,1192
MGA,0.5,no,no,no,no,no,no,no,yes,no,1193
DGKK,0.5,no,no,no,no,no,no,no,yes,no,1194
PPP1R13L,0.5,no,no,no,no,no,no,no,yes,no,1195
DNAH6,0.5,no,no,no,no,no,no,no,yes,no,1196
PREB,0.5,no,no,no,no,no,no,no,yes,no,1197
SGCE,0.5,no,no,no,no,no,no,no,yes,no,1198
FANCL,0.5,no,no,no,no,no,no,no,yes,no,1199
STK33,0.5,no,no,no,no,no,no,no,yes,no,1200
SHF,0.5,no,no,no,no,no,no,no,yes,no,1201
KIF1C,0.5,no,no,no,no,no,no,no,yes,no,1202
VCP,0.5,no,no,no,no,no,no,no,yes,no,1203
ATAD2,0.5,no,no,no,no,no,no,no,yes,no,1204
PEAR1,0.5,no,no,no,no,no,no,no,yes,no,1205
PHRF1,0.5,no,no,no,no,no,no,no,yes,no,1206
KIAA0319L,0.5,no,no,no,no,no,no,no,yes,no,1207
CFAP65,0.5,no,no,no,no,no,no,no,yes,no,1208
BCAN,0.5,no,no,no,no,no,no,no,yes,no,1209
REV3L,0.5,no,no,no,no,no,no,no,yes,no,1210
AHDC1,0.5,no,no,no,no,no,no,no,yes,no,1211
PROP1,0.5,no,no,no,no,no,no,no,yes,no,1212
ABCD1,0.5,no,no,no,no,no,no,no,yes,no,1213
SKOR2,0.5,no,no,no,no,no,no,no,yes,no,1214
ACOX3,0.5,no,no,no,no,no,no,no,yes,no,1215
LCORL,0.5,no,no,no,no,no,no,no,yes,no,1216
TRIM37,0.5,no,no,no,no,no,no,no,yes,no,1217
SENP7,0.5,no,yes,no,no,no,no,no,no,no,1218
HEMGN,0.5,no,yes,no,no,no,no,no,no,no,1219
C4A,0.5,no,yes,no,no,no,no,no,no,no,1220
C4B,0.5,no,yes,no,no,no,no,no,no,no,1221
SMCR8,0.5,no,yes,no,no,no,no,no,no,no,1222
IPO5,0.5,no,yes,no,no,no,no,no,no,no,1223
RANBP6,0.5,no,yes,no,no,no,no,no,no,no,1224
NEB,0.5,no,yes,no,no,no,no,no,no,no,1225
SPAG16,0.5,no,yes,no,no,no,no,no,no,no,1226
PER3,0.5,no,no,no,no,no,no,no,yes,no,1227
ADAMTS13,0.5,no,no,no,no,no,no,no,yes,no,1228
MORN1,0.5,no,no,no,no,no,no,no,yes,no,1229
DPYS,0.5,no,no,no,no,no,no,no,yes,no,1230
SPATA33,0.5,no,no,no,no,no,no,no,yes,no,1231
AKR1C4,0.5,no,no,no,no,no,no,no,yes,no,1232
CHCHD2,0.5,no,no,no,no,no,no,no,yes,no,1233
CHD3,0.5,no,no,no,no,no,no,no,yes,no,1234
B4GALNT3,0.5,no,no,no,no,no,no,no,yes,no,1235
TUFM,0.5,no,no,no,no,no,no,no,yes,no,1236
SPTLC3,0.5,no,no,no,no,no,no,no,yes,no,1237
FAM186A,0.5,no,no,no,no,no,no,no,yes,no,1238
EIF4G1,0.5,no,no,no,no,no,no,no,yes,no,1239
DUX4,0.5,no,no,no,no,no,no,no,yes,no,1240
ABCA8,0.5,no,no,no,no,no,no,no,yes,no,1241
ASH1L,0.5,no,no,no,no,no,no,no,yes,no,1242
SLC4A7,0.5,no,no,no,no,no,no,no,yes,no,1243
RIOX1,0.5,no,no,no,no,no,no,no,yes,no,1244
WASHC1,0.5,no,no,no,no,no,no,no,yes,no,1245
EMSY,0.5,no,no,no,no,no,no,no,yes,no,1246
DNAH7,0.5,no,no,no,no,no,no,no,yes,no,1247
TMEM255A,0.5,no,no,no,no,no,no,no,yes,no,1248
ESPN,0.5,no,no,no,no,no,no,no,yes,no,1249
SEC24B,0.5,no,no,no,no,no,no,no,yes,no,1250
SAMD15,0.5,no,no,no,no,no,no,no,yes,no,1251
PTTG2,0.5,no,no,no,no,no,no,no,yes,no,1252
CWC27,0.5,no,no,no,no,no,no,no,yes,no,1253
CYSRT1,0.5,no,no,no,no,no,no,no,yes,no,1254
BIRC6,0.5,no,no,no,no,no,no,no,yes,no,1255
KLF2,0.5,no,no,no,no,no,no,no,yes,no,1256
MUC16,0.5,no,no,no,no,no,no,no,yes,no,1257
HDAC4,0.5,no,no,no,no,no,no,no,yes,no,1258
DNAH5,0.5,no,no,no,no,no,no,no,yes,no,1259
DNAH8,0.5,no,no,no,no,no,no,no,yes,no,1260
TMEM255B,0.5,no,no,no,no,no,no,no,yes,no,1261
KRTAP12-2,0.5,no,no,no,no,no,no,no,yes,no,1262
PLEKHN1,0.5,no,no,no,no,no,no,no,yes,no,1263
CUEDC1,0.5,no,no,no,no,no,no,no,yes,no,1264
ZBTB4,0.5,no,no,no,no,no,no,no,yes,no,1265
TSEN2,0.5,no,no,no,no,no,no,no,yes,no,1266
C16orf46,0.5,no,no,no,no,no,no,no,yes,no,1267
CDKL5,0.5,no,no,no,no,no,no,no,yes,no,1268
SEC31A,0.5,no,no,no,no,no,no,no,yes,no,1269
CGGBP1,0.5,no,no,no,no,no,no,no,yes,no,1270
SLC47A2,0.5,no,no,no,no,no,no,no,yes,no,1271
DNAH11,0.5,no,no,no,no,no,no,no,yes,no,1272
WFIKKN1,0.5,no,no,no,no,no,no,no,yes,no,1273
LGALS8,0.5,no,no,no,no,no,no,no,yes,no,1274
TP53I13,0.5,no,no,no,no,no,no,no,yes,no,1275
SHE,0.5,no,no,no,no,no,no,no,yes,no,1276
PHKA2,0.5,no,no,no,no,no,no,no,yes,no,1277
ABI3BP,0.5,no,no,no,no,no,no,no,yes,no,1278
ANKRD11,0.5,no,no,no,no,no,no,no,yes,no,1279
ASCL5,0.5,no,no,no,no,no,no,no,yes,no,1280
B3GNT9,0.5,no,no,no,no,no,no,no,yes,no,1281
PTPN21,0.5,no,no,no,no,no,no,no,yes,no,1282
MYBPC3,0.5,no,no,no,no,no,no,no,yes,no,1283
TSPY4,0.5,no,no,no,no,no,no,no,yes,no,1284
KIAA1522,0.5,no,no,no,no,no,no,no,yes,no,1285
ZNF142,0.5,no,no,no,no,no,no,no,yes,no,1286
DCAF12L2,0.5,no,no,no,no,no,no,no,yes,no,1287
PRR27,0.5,no,no,no,no,no,no,no,yes,no,1288
CGNL1,0.5,no,no,no,no,no,no,no,yes,no,1289
PPP1R3E,0.5,no,no,no,no,no,no,no,yes,no,1290
RIPK2,0.5,no,no,no,no,no,no,no,yes,no,1291
OR2A14,0.5,no,no,no,no,no,no,no,yes,no,1292
PRDM13,0.5,no,no,no,no,no,no,no,yes,no,1293
TMEM218,0.5,no,no,no,no,no,no,no,yes,no,1294
MYO9B,0.5,no,no,no,no,no,no,no,yes,no,1295
PZP,0.5,no,no,no,no,no,no,no,yes,no,1296
C1QTNF8,0.5,no,no,no,no,no,no,no,yes,no,1297
SF1,0.5,no,no,no,no,no,no,no,yes,no,1298
MBD6,0.5,no,no,no,no,no,no,no,yes,no,1299
GC,0.5,no,no,no,no,no,no,no,yes,no,1300
TRIM64,0.5,no,no,no,no,no,no,no,yes,no,1301
GLTP,0.5,no,no,no,no,no,no,no,yes,no,1302
COX11,0.5,no,no,no,no,no,no,no,yes,no,1303
M1AP,0.5,no,no,no,no,no,no,no,yes,no,1304
TRIM64B,0.5,no,no,no,no,no,no,no,yes,no,1305
HNRNPUL1,0.5,no,no,no,no,no,no,no,yes,no,1306
SPATA5,0.5,no,no,no,no,no,no,no,yes,no,1307
ST6GALNAC1,0.5,no,no,no,no,no,no,no,yes,no,1308
CABYR,0.5,no,no,no,no,no,no,no,yes,no,1309
PIK3C2A,0.5,no,no,no,no,no,no,no,yes,no,1310
MDGA2,0.5,no,no,no,no,no,no,no,yes,no,1311
HTRA2,0.5,no,no,no,no,no,no,no,yes,no,1312
RIF1,0.5,no,no,no,no,no,no,no,yes,no,1313
SCNN1B,0.5,no,no,no,no,no,no,no,yes,no,1314
TMCC2,0.5,no,no,no,no,no,no,no,yes,no,1315
FAM186B,0.5,no,no,no,no,no,no,no,yes,no,1316
MAP3K8,0.5,no,no,no,no,no,no,no,yes,no,1317
PIEZO2,0.5,no,no,no,no,no,no,no,yes,no,1318
KIAA1210,0.5,no,no,no,no,no,no,no,yes,no,1319
SMURF2,0.5,no,no,no,no,no,no,no,yes,no,1320
MRPL9,0.5,no,no,no,no,no,no,no,yes,no,1321
EPN1,0.5,no,no,no,no,no,no,no,yes,no,1322
DYSF,0.5,no,no,no,no,no,no,no,yes,no,1323
TJP3,0.5,no,no,no,no,no,no,no,yes,no,1324
SEC24A,0.5,no,no,no,no,no,no,no,yes,no,1325
MPI,0.5,no,no,no,no,no,no,no,yes,no,1326
EPC2,0.5,no,no,no,no,no,no,no,yes,no,1327
PPP1R13B,0.5,no,no,no,no,no,no,no,yes,no,1328
TSPY8,0.5,no,no,no,no,no,no,no,yes,no,1329
OR2T4,0.5,no,no,no,no,no,no,no,yes,no,1330
PMEPA1,0.5,no,no,no,no,no,no,no,yes,no,1331
CHD6,0.5,no,no,no,no,no,no,no,yes,no,1332
LLGL2,0.5,no,no,no,no,no,no,no,yes,no,1333
PLA2G6,0.5,no,no,no,no,no,no,no,yes,no,1334
PRRC2A,0.5,no,no,no,no,no,no,no,yes,no,1335
SHISA8,0.5,no,no,no,no,no,no,no,yes,no,1336
OR4N4,0.5,no,no,no,no,no,no,no,yes,no,1337
CEACAM5,0.5,no,no,no,no,no,no,no,yes,no,1338
SMG7,0.5,no,no,no,no,no,no,no,yes,no,1339
DCAF12L1,0.5,no,no,no,no,no,no,no,yes,no,1340
ACSF2,0.5,no,no,no,no,no,no,no,yes,no,1341
VARS2,0.5,no,no,no,no,no,no,no,yes,no,1342
ECSIT,0.5,no,no,no,no,no,no,no,yes,no,1343
MEIS1,0.5,no,no,no,no,no,no,no,yes,no,1344
TSPY2,0.5,no,no,no,no,no,no,no,yes,no,1345
HOXC10,0.5,no,no,no,no,no,no,no,yes,no,1346
RNF219,0.5,no,no,no,no,no,no,no,yes,no,1347
ANKRD40,0.5,no,no,no,no,no,no,no,yes,no,1348
OR2T29,0.5,no,no,no,no,no,no,no,yes,no,1349
FIGNL2,0.5,no,no,no,no,no,no,no,yes,no,1350
OR4M2,0.5,no,no,no,no,no,no,no,yes,no,1351
AKR1C3,0.5,no,no,no,no,no,no,no,yes,no,1352
MINK1,0.5,no,no,no,no,no,no,no,yes,no,1353
NAB2,0.5,no,no,no,no,no,no,no,yes,no,1354
LGR6,0.5,no,no,no,no,no,no,no,yes,no,1355
C17orf47,0.5,no,no,no,no,no,no,no,yes,no,1356
TSPY1,0.5,no,no,no,no,no,no,no,yes,no,1357
PDZD2,0.5,no,no,no,no,no,no,no,yes,no,1358
DOCK4,0.5,no,no,no,no,no,no,no,yes,no,1359
ZC3H14,0.5,no,no,no,no,no,no,no,yes,no,1360
GCNT7,0.5,no,no,no,no,no,no,no,yes,no,1361
C16orf89,0.5,no,no,no,no,no,no,no,yes,no,1362
SETD1A,0.5,no,no,no,no,no,no,no,yes,no,1363
DCDC2C,0.5,no,no,no,no,no,no,no,yes,no,1364
MYO15A,0.5,no,no,no,no,no,no,no,yes,no,1365
OR4M1,0.5,no,no,no,no,no,no,no,yes,no,1366
APOOL,0.5,no,no,no,no,no,no,no,yes,no,1367
CLPTM1L,0.5,no,no,no,no,no,no,no,yes,no,1368
FCRL2,0.5,no,no,no,no,no,no,no,yes,no,1369
C1QTNF6,0.5,no,no,no,no,no,no,no,yes,no,1370
FAM46D,0.5,no,no,no,no,no,no,no,yes,no,1371
DISP3,0.5,no,no,no,no,no,no,no,yes,no,1372
OR2T5,0.5,no,no,no,no,no,no,no,yes,no,1373
BCL2L14,0.5,no,no,no,no,no,no,no,yes,no,1374
PCDH8,0.5,no,no,no,no,no,no,no,yes,no,1375
HELQ,0.5,no,no,no,no,no,no,no,yes,no,1376
KBTBD6,0.5,no,no,no,no,no,no,no,yes,no,1377
DNAH10,0.5,no,no,no,no,no,no,no,yes,no,1378
RGP1,0.5,no,no,no,no,no,no,no,yes,no,1379
CUL7,0.5,no,no,no,no,no,no,no,yes,no,1380
CECR2,0.5,no,no,no,no,no,no,no,yes,no,1381
DENND2D,0.5,no,no,no,no,no,no,no,yes,no,1382
COL28A1,0.5,no,no,no,no,no,no,no,yes,no,1383
UBAC2,0.5,no,no,no,no,no,no,no,yes,no,1384
C3orf67,0.5,no,no,no,no,no,no,no,yes,no,1385
MXRA5,0.5,no,no,no,no,no,no,no,yes,no,1386
SKOR1,0.5,no,no,no,no,no,no,no,yes,no,1387
OR4D2,0.5,no,no,no,no,no,no,no,yes,no,1388
USP4,0.5,no,no,no,no,no,no,no,yes,no,1389
CCDC116,0.5,no,no,no,no,no,no,no,yes,no,1390
TSPY10,0.5,no,no,no,no,no,no,no,yes,no,1391
ATP2A3,0.5,no,no,no,no,no,no,no,yes,no,1392
YLPM1,0.5,no,no,no,no,no,no,no,yes,no,1393
PGA5,0.5,no,no,no,no,no,no,no,yes,no,1394
ULK3,0.5,no,no,no,no,no,no,no,yes,no,1395
OR1C1,0.5,no,no,no,no,no,no,no,yes,no,1396
RBBP6,0.5,no,no,no,no,no,no,no,yes,no,1397
OR2D2,0.5,no,no,no,no,no,no,no,yes,no,1398
IQSEC2,0.5,no,no,no,no,no,no,no,yes,no,1399